ArcName,Volcano Name,GVP Volcano Number,latitude,longitude,,Mean SO2 flux [kt/y] ,SD ,Final SO2 flux (2005-2015) from combined space- and  and ground-based measurements ,SO2 flux uncertainty ,method,References,DOI,ktons,Erupted CO2 flux (ktons) using measured C/S,Erupted CO2 flux using predicted C/S,"C/S (molar) Aiuppa et al., 2017, 2018 and from plume MG",SD,"predicted C/S (molar) Aiuppa et al., 2019 ",SD ,"Predicted C/S based on group following Aiuppa et al., 2019 method",SD ,CO2 flux (kt/yr) based on measured C/S,"Predicted CO2 flux (kt/yr) using published predicted C/S (Aiuppa et al., 2019)",Predicted CO2 flux (kt/yr) using extrapolated predicted C/S,CO2 summary (kt/y),SD CO2 summary (kt/y)summary (kt/y),,,
,,,,,ktons/y,kt/y,,ktons/y,ktons/y,Space Based or Ground based,,,,,,,,,,,,,,,,,,,
Colombia,CERRO_BRAVO,351012,5.091,-75.293,,,,, ,,,,,,,,,,,,,,,,,,,,
Colombia,RUIZ,351020,4.892,-75.324,392.01,111,78,392.0,441.8,SB,"Carn et al., 2017",10.1038/srep44095,,,,3,0.5,,,,,808.5,,,808.5,450.7,,,
Colombia,HUILA,351050,2.93,-76.03,228.855,,,228.9,257.9,SB,"Carn et al., 2017",10.1038/srep44095,,,,2,0.6,,,,,314.7,,,314.7,193.1,,,
Colombia,PURACE,351060,2.32,-76.4,,76,,76.0,22.8,GB,"Arellano et al., in rev",,,,,,,,,5,1.5,,,261.3,261.3,110.8,,,
Colombia,GALERAS,351080,1.22,-77.37,79.57,112,82,112.0,0.3,SB,"Arellano et al., in rev, Werner et al., 2019",10.196/novac.galeras.001,,,,3.3,0.5,,,,,254.1,,,254.1,38.5,,,
Ecuador,REVENTADOR,352010,-0.077,-77.656,75.19,,,75.2,84.7,SB,"Carn et al., 2017",10.1038/srep44095,,,,,,2.2,0.8,,,,113.7,,113.7,78.2,,,
Ecuador,COTOPAXI,352050,-0.677,-78.436,,112,118,112.0,33.6,GB,"Arellano et al., in rev",10.196/novac.cotopaxi.001,90,111.4,,1.8,,,,,,138.6,,,138.6,41.6,,,
Ecuador,TUNGURAHUA,352080,-1.467,-78.442,124.83,242,67,242.0,72.6,SB,"Arellano et al., in rev",10.196/novac.tungurahua.001,40,,68.8,,,2.5,0.8,,,,415.9,,415.9,182.4,,,
Ecuador,SANGAY,352090,-2.005,-78.341,,70,3,70.0,21.0,GB,"Arellano et al., in rev",10.196/novac.sangay.001,,,,,,,,5,1.5,,,240.6,240.6,102.1,,,
Peru,SABANCAYA,354006,-15.787,-71.857,31.755,40,0,31.8,35.8,SB,"Carn et al., 2017",10.1038/srep44095,,,,1.5,0.1,,,,,32.7,,,32.7,18.6,,,
Peru,UBINAS,354020,-16.355,-70.903,81.03,58,31,81.0,91.3,SB,"Carn et al., 2017",10.1038/srep44095,,,,2.4,0.5,,,,,133.7,,,133.7,77.1,,,
North_Chile,ISLUGA,355030,-19.15,-68.83,28.47,130,45,28.5,32.1,SB,"Carn et al., 2017",10.1038/srep44095,,,,1,0,,,,,19.6,,,19.6,11.6,,,
North-Central_Chile,LASCAR,355100,-23.37,-67.73,,25,3,25.0,0.3,GB,"Arellano et al., in rev, Werner et al., 2019",10.196/novac.isluga.001,5,,4.1,,,,,1.2,0.8,,,20.6,20.6,13.8,,,
North-Central_Chile,LASTARRIA,355120,-25.168,-68.507,90.52,,,90.5,102.0,SB,"Carn et al., 2017",10.1038/srep44095,,,,1.6,0.4,,,,,99.6,,,99.6,58.9,,,
Central_Chile,PLANCHON-PETEROA,357040,-35.223,-70.568,,2,0,2.0,0.6,GB,this work ,,1,,0.8,,,,,1.2,0.8,,,1.7,1.7,1.2,,,
South-Central_Chile,COPAHUE,357090,-37.856,-71.183,124.465,267,72,124.5,140.3,SB,"Carn et al., 2017, Werner et al., 2019",10.1038/srep44095,500,309.4,,0.9,0.3,,,,,77.0,,,77.0,49.0,,,
South-Central_Chile,LLAIMA,357110,-38.692,-71.729,,194,0,194.0,58.2,GB,"Arellano et al., in rev",10.196/novac.copahue.001,40,,33.0,,,,,1.2,0.8,,,160.1,160.1,117.0,,,
South-Central_Chile,VILLARRICA,357120,-39.42,-71.93,102.565,60,18,102.6,115.6,SB,"Carn et al., 2017",10.1038/srep44095,5,3.4,,1,0.3,,,,,70.5,,,70.5,43.9,,,
South-Central_Chile,CORDON_CAULLE,357150,-40.59,-72.117,,,,, ,,"Carn et al., 2017",10.1038/srep44095,200,,165.0,,,,,1.2,0.8,,,,,,,,
South-Central_Chile,CALBUCO,358020,-41.33,-72.618,,,,, ,,"Carn et al., 2017",10.1038/srep44095,400,,330.0,,,,,1.2,0.8,,,,,,,,
South_Chile,CHAITEN,358041,-42.833,-72.646,,,,, ,,"Carn et al., 2017",10.1038/srep44095,14,,11.6,,,,,1.2,0.8,,,,,,,,
Guatemala/El_Salvador,SANTIAGUITO,342030,14.757,-91.552,90.155,45,16,90.0,101.6,SB,"Arellano et al., in rev",10.196/novac.santiaguito.001,,,,,,1.6,0.8,,,,99.0,,99.0,72.1,,,
Guatemala/El_Salvador,FUEGO,342090,14.473,-90.88,91.98,47,2,92.0,103.7,SB,"Carn et al., 2017",10.1038/srep44095,28,28.9,,1.5,1,1.6,0.8,,,94.9,,,94.9,80.7,,,
Guatemala/El_Salvador,PACAYA,342110,14.382,-90.601,,,,, ,,"Carn et al., 2017",10.1038/srep44095,25,25.8,,1.5,1.2,,,5,1.5,,,,,,,,
Guatemala/El_Salvador,SANTA_ANA,343020,13.853,-89.63,35.405,34,1,35.4,39.9,SB,"Carn et al., 2017, Werner et al., 2019",10.1038/srep44095,12,8.3,,1,0.3,,,,,24.3,,,24.3,15.4,,,
Guatemala/El_Salvador,SAN_MIGUEL,343100,13.434,-88.269,32.12,,,32.1,36.2,SB,"Carn et al., 2017, Werner et al., 2019",10.1038/srep44095,5,5.2,,1.5,0.2,,,,,33.1,,,33.1,20.1,,,
Nicaragua,SAN_CRISTOBAL,344020,12.702,-87.004,226.665,224,85,226.7,255.5,SB,"Carn et al., 2017, Werner et al., 2019",10.1038/srep44095,6,16.5,,4,0.9,,,,,623.3,,,623.3,356.3,,,
Nicaragua,TELICA,344040,12.606,-86.84,,51,23,51.0,15.3,GB,"Arellano et al., in rev, Werner et al., 2019",10.196/novac.telica.001,1,2.1,,3,1.3,,,,,105.2,,,105.2,55.4,,,
Nicaragua,MOMOTOMBO,344090,12.423,-86.539,,83,,83.0,24.9,GB,"Arellano et al., in rev, Werner et al., 2019",10.196/novac.momotombo.001,1.5,,2.5,,,,,2.4,0.8,,,137.0,137.0,61.4,,,
Nicaragua,MASAYA,344100,11.984,-86.161,316.455,94,34,316.5,356.7,SB,"Carn et al., 2017",10.1038/srep44095,,,,2.7,0.7,,,,,587.4,,,587.4,344.0,,,
Nicaragua,CONCEPCION,344120,11.538,-85.622,,68,29,68.0,20.4,GB,"Arellano et al., in rev",10.196/novac.concepcion.001,,,,,,,,2.4,0.8,,,112.2,112.2,50.3,,,
Costa_Rica,RINCON,345020,10.83,-85.324,,,9,, ,,"Carn et al., 2017",10.1038/srep44095,,,,,,,,,,,,,,,,,
Costa_Rica,ARENAL,345033,10.463,-84.703,128.115,13,3,128.1,144.4,SB,"Carn et al., 2017",10.1038/srep44095,,,,,,,,1.2,0.8,,,105.7,105.7,90.7,,,
Costa_Rica,POAS,345040,10.2,-84.233,,,,, ,,"Carn et al., 2017",10.1038/srep44095,,,,0.5,0.1,,,,,,,,38.0,25.0,,,
Costa_Rica,TURRIALBA,345070,10.025,-83.767,274.115,120,73,274.1,309.0,SB,"Carn et al., 2017, Werner et al., 2019",10.1038/srep44095,3,7.0,,3.4,0.8,,,,,640.7,,,640.7,375.3,,,
Cascades,Rainier,321030,46.853,-121.76,,,,,0.0,GB,,,,,,,,,,1.2,0.8,,,,,,,,
Cascades,Lassen Peak,323080,40.492,-121.508,,,,,0.0,GB,,,,,,,,,,,,,,,,,,,
Cascades,Mount Baker,321010,48.777,-121.813,,,,,0.0,GB,,,,,,,,,,1.2,0.8,,,,,,,,
Cascades,Mount Hood,322010,45.374,-121.695,,,,,0.0,GB,,,,,,,,,,1.2,0.8,,,,,,,,
Cascades,Mount St. Helens,321050,46.2,-122.18,,26,,26.427,7.9,GB,this work ,,,,,6.3,3.3,,,,,114.5,,,114.5,69.1,,,
Cascades,Mt Shasta,323010,41.409,-122.193,,,,,0.0,GB,,,,,,,,,,1.2,0.8,,,,,,,,
Cascades,Adams,321040,46.206,-121.49,,,,,0.0,GB,,,,,,,,,,1.2,0.8,,,,,,,,
Cascades,Three Sisters,322070,44.133,-121.767,,,,,,,,,,,,,,,,1.2,0.8,,,,,,,,
Cascades,Mt. Jefferson,322020,44.674,-121.8,,,,,,,,,,,,,,,,1.2,0.8,,,,,,,,
Mexico,FUEGO DE COLIMA,341040,19.514,-103.62,,23,0,23.0,6.9,GB,,,3,,6.2,,,,,3,1.5,,,47.4,47.4,,,,
Mexico,El Chichon,341120,17.36,-93.228,,,,,,,"Carn et al., 2017",10.1038/srep44095,,,,,,,,,,,,,,,,,
Mexico,Popocateptl,341090,19.023,-98.622,605.17,,,, ,,"Carn et al., 2017",10.1038/srep44095,,,,1.5,0.3,,,,,624.1,,,624.1,482.9,,,
Alaska,SPURR,313040,61.299,-152.251,38.69,14,13,38.7,43.6,SB,"Carn et al., 2017",10.1038/srep44095,,,,1.1,0.3,,,,,29.3,,,29.3,21.9,,,
Alaska,REDOUBT,313030,60.485,-152.742,134.32,197,366,134.3,151.4,SB,"Carn et al., 2017, Werner et al., 2019",10.1038/srep44095,159,174.9,131.2,1.6,0.2,,,1.2,0.8,147.8,,,147.8,82.0,,,
Alaska,ILIAMNA,313020,60.032,-153.09,,40,38,40.0,12.0,GB,this work ,,,,,,,,,1.2,0.8,,,33.0,33.0,24.1,,,
Alaska,AUGUSTINE,313010,59.363,-153.43,26.645,86,169,26.6,30.0,SB,"Carn et al., 2017, Werner et al., 2019",10.1038/srep44095,,,,2.4,0.4,,,1.2,0.8,44.0,,,44.0,36.9,,,
Alaska,DOUGLAS,312270,58.855,-153.542,,10,1,10.0,5.2,,"Carn et al., 2017",10.1038/srep44095,,,,,,,,1.2,0.8,,,8.3,8.3,7.0,,,
Alaska,MARTIN,312140,58.172,-155.361,,27,0,27.0,8.1,GB,this work ,,,,,,,,,1.2,0.8,,,22.3,22.3,16.3,,,
Alaska,Fourpeaked,312260,58.77,-153.672,,,,, ,,"Carn et al., 2017",10.1038/srep44095,1,,0.8,,,,,1.2,0.8,,,,,,,,
Alaska_Peninsula,CHIGINAGAK,312110,57.135,-156.99,50.37,,,50.4,56.8,SB,"Carn et al., 2017",10.1038/srep44095,,,,,,1.2,0.5,,,,41.6,,41.6,31.0,,,
Alaska_Peninsula,VENIAMINOF,312070,56.17,-159.38,93.075,,,93.1,104.9,SB,"Carn et al., 2017",10.1038/srep44095,5,,4.1,,,,,1.2,0.8,,,76.8,76.8,67.9,,,
Alaska_Peninsula,PAVLOF,312030,55.417,-161.894,,,,, ,,"Carn et al., 2017",10.1038/srep44095,51,,42.1,,,,,1.2,0.8,,,,,,,,
East_Aleut,SHISHALDIN,311360,54.756,-163.97,126.655,,,126.7,142.8,SB,"Carn et al., 2017",10.1038/srep44095,,,,1.4,0.5,,,,,121.9,,,121.9,78.8,,,
East_Aleut,BOGOSLOF,311300,53.93,-168.03,,,,, ,,"Carn et al., 2017",10.1038/srep44095,53.5,,44.1,,,,,1.2,0.8,,,,,,,,
East_Aleut,OKMOK,311290,53.43,-168.13,,,,, ,,"Carn et al., 2017",10.1038/srep44095,150,,123.8,,,,,1.2,0.8,,,,,,,,
Central_Aleut,CLEVELAND,311240,52.825,-169.944,55.48,,,55.5,62.5,SB,"Carn et al., 2017",10.1038/srep44095,1.13,0.8,,1,0.5,,,,,38.1,,,38.1,36.6,,,
Central_Aleut,ATKA (KOROVIN),311161,52.381,-174.166,72.27,,,72.3,81.5,SB,"Carn et al., 2017",10.1038/srep44095,,,,,,,,1.2,0.8,,,59.6,59.6,54.5,,,
Central_Aleut,KASATOCHI,311130,52.177,-175.508,,,,, ,,"Carn et al., 2017",10.1038/srep44095,2000,,1650.0,,,,,1.2,0.8,,,,,,,,
West_Aleut,KANAGA,311110,51.923,-177.168,,25,12,25.0,7.5,GB,this work ,,,,,,,,,1.2,0.8,,,20.6,20.6,15.1,,,
West_Aleut,GARELOI,311070,51.79,-178.794,18.98,112,28,19.0,21.4,SB,"Carn et al., 2017",10.1038/srep44095,,,,0.26,,,,,,3.4,,,3.4,3.8,,,
West_Aleut,KISKA,311020,52.103,177.602,,1,0,1.0,0.3,GB,this work ,,,,,6.86,,,,,,4.7,,,4.7,1.4,,,
Kamchatka,KLIUCHEVSKOI,300260,56.056,160.642,211.7,,,211.7,238.6,SB,"Carn et al., 2017",10.1038/srep44095,335,299.4,,1.3,,,,,,189.2,,,189.2,100.9,,,
Kamchatka,BEZYMIANNY,300250,55.972,160.595,,,,, ,,"Carn et al., 2017",10.1038/srep44095,19,17.0,,1.3,0.4,,,,,,,,,,,,
Kamchatka,TOLBACHIK,300240,55.832,160.326,,,,, ,,"Carn et al., 2017, Werner et al., 2019",10.1038/srep44095,200,,165,,,,,1.2,0.8,,,,,,,,
Kamchatka,KIZIMEN,300230,55.131,160.32,259.515,,,259.5,292.5,SB,"Carn et al., 2017",10.1038/srep44095,60,,49.5,,,1.2,0.5,,,,214.1,,214.1,145.4,,,
Kamchatka,KARYMSKY,300130,54.049,159.443,332.515,,,332.5,374.8,SB,"Carn et al., 2017",10.1038/srep44095,,,,,,1.2,0.5,,,,274.3,,274.3,184.9,,,
Kamchatka,ZHUPANOVSKY,300120,53.589,159.15,,,,, ,,"Carn et al., 2017",10.1038/srep44095,237,,195.5,,,,,1.2,0.8,,,,,,,,
Kamchatka,KORYAKSKY,300090,53.321,158.712,,,,, ,,"Carn et al., 2017",10.1038/srep44095,2,,1.7,,,,,1.2,0.8,,,,,,,,
Kamchatka,AVACHINSKY,300100,53.256,158.836,,,,258.1,134.2,SB,"Carn et al., 2017",10.1038/srep44095,,,,1.2,0.3,,,,,212.9,,,212.9,125.1,,,
Kamchatka,GORELY,300070,52.559,158.03,274.845,,,274.8,309.8,SB,"Carn et al., 2017",10.1038/srep44095,,,,1.7,0.5,,,,,321.2,,,321.2,195.1,,,
Kamchatka,MUTNOVSKY,300060,52.449,158.196,69.35,,,69.4,78.2,SB,"Carn et al., 2017",10.1038/srep44095,,,,1.2,,,,,,57.2,,,57.2,38.7,,,
Kamchatka,SHEVELUCH,300270,56.653,161.36,,,,193.5,100.6,SB,"Carn et al., 2017",10.1038/srep44095,27,24.1,,1.3,0.4,,,,,172.9,,,172.9,106.5,,,
Kamchatka,Alaid,290390,50.861,155.565,,,,, ,,,,2,,1.7,,,,,1.2,0.8,,,,,,,,
North_Kurile,KAMBALNY,300010,51.306,156.875,,,,, ,,"Carn et al., 2017",10.1038/srep44095,55,,45.4,,,,,1.2,0.8,,,,,,,,
North_Kurile,EBEKO,290380,50.686,156.014,181.04,63,,181.0,204.1,SB,"Carn et al., 2017",10.1038/srep44095,,,,0.9,,,,,,112.0,,,112.0,60.0,,,
North_Kurile,CHIKURACHKI,290360,50.324,155.461,,,,, ,,"Carn et al., 2017",10.1038/srep44095,90,,74.3,,,,,1.2,0.8,,,,,,,,
North_Kurile,CHIRINKOTAN,290260,48.98,153.48,,91,,91.0,27.3,GB,"Taran et al., 2018",,12,,9.9,,,,,1.2,0.8,,,75.1,75.1,54.9,,,
North_Kurile,SINARKA,290290,48.873,154.182,,37,,37.0,11.1,GB,"Taran et al., 2018",,,,,0.4,,,,,,10.2,,,10.2,3.1,,,
North_Kurile,KUNTOMINTAR,,,,,37,,37.0,11.1,GB,"Taran et al., 2018",,,,,1.8,,,,,,45.8,,,45.8,13.7,,,
South_Kurile,SARYCHEV_PEAK,290240,48.092,153.2,,,,94.9,49.3,SB,"Taran et al., 2018",,1200,,990.0,,,1.2,0.5,,,,78.3,,78.3,58.5,,,
South_Kurile,Berg on Urup,,,,,87,,87.0,26.1,GB,"Taran et al., 2018",,,,,2,,,,,,119.6,,,119.6,35.9,,,
South_Kurile,KETOI/Pallas,290200,47.35,152.475,,173,,50.7,26.4,SB,"Carn et al., 2017",10.1038/srep44095,,,,0.2,,1.2,0.5,,,7.0,,,7.0,5.0,,,
Hokkaido/South Kurile,MEDVEZHIA (Kudryavy),290100,45.389,148.838,68.255,120,,68.3,76.9,SB,"Carn et al., 2017",10.1038/srep44095,,,,0.9,0.3,,,,,42.2,,,42.2,30.0,,,
Hokkaido,TOKACHI,285050,43.418,142.686,,87,45,49.3,25.6,SB,"Carn et al., 2017","10.1038/srep44095,  GSJ unpublished data",,,,0.4,0.1,,,,,13.6,,,13.6,9.6,,,
Hokkaido,AKAN(Meakan),285070,43.384,144.013,,3,5,3.0,0.9,GB,"Mori et al., 2016",,,,,,,,,1.2,0.8,,,2.5,2.5,1.8,,,
Hokkaido,SHIKOTSU(Tarumae),285040,42.688,141.38,,3,1,3.0,0.9,GB,"Mori et al., 2016",,,,,,,,,1.2,0.8,,,2.5,2.5,1.8,,,
Central_Honshu,AZUMA,283180,37.735,140.244,,23,29,23.0,0.3,GB,"Mori et al., 2016",,,,,1.3,,,,,,20.6,,,20.6,0.3,,,
Central_Honshu,ASAMA,283110,36.406,138.523,163.885,258,265,163.9,184.7,SB,"Carn et al., 2017","10.1038/srep44095, https://www.data.jma.go.jp/svd/vois/data/tokyo/306_Asamayama/306_So2emission.htm",,,,0.8,0.2,,,,,90.1,,,90.1,52.9,,,
Central_Honshu,ON-TAKE,283040,35.893,137.48,,,,,,,"Carn et al., 2017, Mori et al., 2016","10.1038/srep44095, ",1,,0.8,,,,,1.2,0.8,,,,,,,,
Izu,MIYAKE-JIMA,284040,34.094,139.526,371.57,514,399,371.6,418.8,SB,"Carn et al., 2017","10.1038/srep44095, https://www.data.jma.go.jp/svd/vois/data/tokyo/320_Miyakejima/320_So2emission.htm",,,,0.7,0.2,,,,,178.8,,,178.8,107.0,,,
Bonin,IWO-JIMA?IWO-TOU,,,,,,,, ,,"Carn et al., 2017",10.1038/srep44095,,,,0.4,0.1,,,,,,,,100.0,50.0,,,
South_Marianas,PAGAN,284170,18.13,145.8,212.795,,,212.8,239.8,SB,"Carn et al., 2017",10.1038/srep44095,,,,0.8,0.2,,,,,117.0,,,117.0,68.2,,,
South_Marianas,SARIGAN,284192,16.708,145.78,,,,, ,,"Carn et al., 2017",10.1038/srep44095,0.5,,0.4,,,,,1.2,0.8,,,,,,,,
South_Marianas,ANATAHAN,284200,16.35,145.67,,,,487.3,253.4,SB,"Carn et al., 2017",10.1038/srep44095,2324,,1917.3,,,1.2,0.5,,,,402.0,,402.0,269.5,,,
Kyushu,ASO,282110,32.884,131.104,229.22,224,167,229.2,258.4,SB,"Carn et al., 2017","10.1038/srep44095, https://www.data.jma.go.jp/svd/vois/data/fukuoka/rovdm/Asosan_rovdm/gas/gas.html",10,12.4,8.3,1.8,0.5,,,1.2,0.8,283.7,,,283.7,170.3,,,
Kyushu,KIRISHIMA,282090,31.934,130.862,,32,84,32.0,9.6,GB,Mori and Kato 2013,,35,192.5,28.9,8,,,,1.2,0.8,176.0,,,176.0,52.8,,,
Kyushu,SAKURA-JIMA,,,,,505,225,385.4,200.4,SB,"Carn et al., 2017","10.1038/srep44095, Mori et al. (2013), JMA1",,,,0.9,0.3,,,,,238.5,,,238.5,148.6,,,
Kyushu,KIKAI (Satsuma-Iwojima),282060,30.793,130.305,213.525,220,114,213.5,240.7,SB,"Carn et al., 2017","10.1038/srep44095, Mori et al. (2013)、https://www.data.jma.go.jp/svd/vois/data/tokyo/STOCK/kaisetsu/CCPVE/shiryo/142/142_06-5.pdf",,,,,,,,1.2,0.8,,,176.2,176.2,149.9,,,
Kyushu,KUCHINOERABU-JIMA,282050,30.443,130.217,,32,75,32.0,9.6,GB,"Mori et al., 2013, 2017",,4,,3.3,1,,,,1.2,0.8,22.0,,,22.0,6.6,,,
Kyushu,NAKANO-SHIMA,282040,29.859,129.857,,15,0,15.0,4.5,GB,"Mori et al., 2017",,,,,,,,,1.2,0.8,,,12.4,12.4,9.0,,,
Kyushu,SUWANOSE-JIMA,282030,29.638,129.714,,240,20,315.0,163.8,SB,"Carn et al., 2017","10.1038/srep44095, Mori et al. (2013)",,,,1,0.3,,,,,216.6,,,216.6,131.2,,,
South_Philippines,MAYON,273030,13.257,123.685,,94,15,165.3,86.0,SB,"Carn et al., 2017",10.1038/srep44095,,,,2.4,0.7,,,,,272.8,,,272.8,164.1,,,
South_Philippines,BULUSAN,273010,12.769,124.056,,,,75.2,39.1,SB,"Carn et al., 2017",10.1038/srep44095,4.7,,3.9,,,1.2,0.5,,,,62.0,,62.0,42.3,,,
South_Philippines,KANLAON,272020,10.412,123.132,,,,25.6,13.3,GB,"Carn et al., 2017",10.1038/srep44095,1,,0.8,,,1.2,0.5,,,,21.1,,21.1,15.5,,,
New_Britain,LANGILA,252010,-5.525,148.42,,,,229.6,119.4,SB,"Carn et al., 2017",10.1038/srep44095,,,,,,2.3,0.7,,,,363.0,,363.0,221.5,,,
New_Britain,ULAWUN,252120,-5.05,151.33,,,,230.0,119.6,SB,"Carn et al., 2017",10.1038/srep44095,,,,,,2.4,0.7,,,,379.4,,379.4,229.1,,,
New_Britain,RABAUL/Tavurvur,252140,-4.271,152.203,,26,,631.1,328.2,SB,"Carn et al., 2017",10.1038/srep44095,331,,591.7,,,2.6,0.7,,,,1128.1,,1128.1,666.3,,,
New_Britain,GARBUNA_GROUP,252070,-5.416,150.027,,,,,,,"Carn et al., 2017",10.1038/srep44095,1,,1.7,,,,,2.4,0.8,,,,,,,,
Solomon,BAGANA,255020,-6.137,155.196,,,,1379.3,717.3,SB,"Carn et al., 2017",10.1038/srep44095,,,,,,2.4,0.7,,,,2275.9,,2275.9,1364.8,,,
North_Vanuatu,TINAKULA,256010,-10.386,165.804,,,,93.4,48.6,SB,"Carn et al., 2017",10.1038/srep44095,42,,60.6,,,2.1,0.7,,,,134.9,,134.9,85.1,,,
North_Vanuatu,GAUA,257020,-14.27,167.5,,,,158.4,82.4,SB,"Carn et al., 2017",10.1038/srep44095,,,,,,2.5,0.7,,,,272.3,,272.3,172.3,,,
North_Vanuatu,AOBA,,,,1047.55,,,1047.6,1180.7,SB,"Carn et al., 2017",10.1038/srep44095,,,,,,2.5,0.7,,,,1800.5,,1800.5,1072.4,,,
North_Vanuatu,AMBRYM,257040,-16.25,168.12,2684.94,,,2684.9,3026.3,SB,"Carn et al., 2017, Werner et al., 2019",10.1038/srep44095,20,34.4,,2.5,0.4,,,,,4614.7,,,4614.7,2527.6,,,
North_Vanuatu,LOPEVI,257050,-16.507,168.346,,,,,,,"Carn et al., 2017",10.1038/srep44095,12,379.5,,46,,,,,,,,,,,,,
South_Vanuatu,YASUR(TANNA),257100,-19.532,169.447,,,,513.9,267.2,SB,"Carn et al., 2017",10.1038/srep44095,,,,1.6,0.4,,,,,565.3,,,565.3,328.8,,,
Tonga,HOME_REEF,243080,-18.992,-174.775,,,,, ,,"Carn et al., 2017",10.1038/srep44095,25,,20.6,,,,,1.2,0.8,,,,,,,,
Tonga,TOFUA,243060,-19.75,-175.07,103.66,,,103.7,116.8,SB,"Carn et al., 2017",10.1038/srep44095,,,,,,1.2,0.5,,,,85.5,,85.5,57.7,,,
Tonga,Hunga Tonga-Hunga Ha'apai,243040,-20.536,-175.382,,,,, ,,"Carn et al., 2017",10.1038/srep44095,14,,11.6,,,,,1.2,0.8,,,,,,,,
New_Zealand,WHITE_ISLAND,241040,-37.52,177.18,92.71,111,44,92.7,104.5,SB,"Carn et al., 2017",10.1038/srep44095,,,,4,1.2,,,,,255.0,,,255.0,161.7,,,
New_Zealand,TONGARIRO,241080,-39.157,175.632,,54,80,54.0,16.2,GB,this work ,,1,,1.7,,,,,2.4,0.8,,,89.1,89.1,40.0,,,
New_Zealand,RUAPEHU,241100,-39.28,175.57,,20,24,20.0,6.0,GB,this work ,,,,,,,,,2.4,0.8,,,33.0,33.0,14.8,,,
North_Sumatra,SINABUNG,261080,3.17,98.392,119.355,,,119.4,134.5,SB,"Carn et al., 2017",10.1038/srep44095,35,,57.8,,,2.4,1.3,,,,196.9,,196.9,149.7,,,
Central_Sumatra,MARAPI,261140,-0.38,100.474,12.41,,,12.4,14.0,SB,"Carn et al., 2017",10.1038/srep44095,,,,,,1.2,0.5,,,,10.2,,10.2,8.9,,,
Central_Sumatra,TALANG,261160,-0.979,100.681,,,,, ,,"Carn et al., 2017",10.1038/srep44095,1,,0.8,,,,,1.2,0.8,,,,,,,,
South_Sumatra,KERINCI,261170,-1.697,101.264,107.31,,,107.3,121.0,SB,"Carn et al., 2017",10.1038/srep44095,,,,,,2.6,1.3,,,,191.8,,191.8,139.5,,,
Sunda_Strait,KRAKATAU,262000,-6.102,105.423,110.595,,,110.6,124.7,SB,"Carn et al., 2017",10.1038/srep44095,,,,0.4,0.1,,,,,30.4,,,30.4,17.8,,,
Sunda_Strait,PAPANDAYAN,263100,-7.32,107.73,,,,,0.3,GB,this work ,,,,,3.31,0.8,,,,,0.0,,,0.0,,,,
Java,SLAMET,263180,-7.242,109.208,75.19,,,75.2,84.7,SB,"Carn et al., 2017",10.1038/srep44095,,,,,,2.2,1.3,,,,113.7,,113.7,90.3,,,
Java,MERAPI,263250,-7.54,110.446,11.68,55,15,11.7,13.2,SB,"Carn et al., 2017",10.1038/srep44095,310,1278.8,,6,0.5,,,,,48.2,,,48.2,35.4,,,
Java,KELUT,263280,-7.93,112.308,,,,, ,,"Carn et al., 2017",10.1038/srep44095,200,,302.5,,,,,2.2,0.8,,,,,,,,
Java,TENGGER_CALDERA,263310,-7.942,112.95,282.875,,,282.9,318.8,SB,"Carn et al., 2017",10.1038/srep44095,127,358.0,,4.1,0.7,,,,,797.4,,,797.4,441.2,,,
Java,KAWAH-IJEN,263350,-8.058,114.242,230.315,,,230.3,259.6,SB,"Carn et al., 2017",10.1038/srep44095,,,,2.6,0.5,,,,,411.7,,,411.7,230.5,,,
Bali/Lombok,RAUNG,263340,-8.119,114.056,,,,, ,,"Carn et al., 2017",10.1038/srep44095,129,230.6,,2.6,0.7,,,,,,,,,,,,
Bali/Lombok,IJEN,263350,-8.058,114.242,230.315,,,230.3,259.6,SB,"Carn et al., 2017",10.1038/srep44095,,,,2.6,0.5,,,,,411.7,,,411.7,230.5,,,
Bali/Lombok,AGUNG,264020,-8.343,115.508,,,,, ,,"Carn et al., 2017",10.1038/srep44095,35,,120.3,,,,,5,1.5,,,,,,,,
Bali/Lombok,RINJANI,264030,-8.42,116.47,27.01,,,27.0,30.4,SB,"Carn et al., 2017",10.1038/srep44095,26,,76.9,,,4.3,1.3,,,,79.8,,79.8,51.2,,,
Bali/Lombok,SANGEANG_API,264050,-8.2,119.07,25.915,,,25.9,29.2,SB,"Carn et al., 2017",10.1038/srep44095,100,,336.9,,,4.9,1.3,,,,87.3,,87.3,54.8,,,
West_Banda_Sea,EBULOBO,264100,-8.82,121.18,31.39,,,31.4,35.4,SB,"Carn et al., 2017",10.1038/srep44095,,,,,,2.6,1.3,,,,56.1,,56.1,41.9,,,
West_Banda_Sea,PALUWEH,264150,-8.32,121.708,21.9,,,21.9,24.7,SB,"Carn et al., 2017",10.1038/srep44095,40,,71.5,,,2.6,1.3,,,,39.1,,39.1,30.9,,,
West_Banda_Sea,LEWOTOLO,264230,-8.272,123.505,,,,, ,,"Carn et al., 2017",10.1038/srep44095,,,,1.9,0.6,,,,,,,,,,,,
West_Banda_Sea,BATU_TARA,264260,-7.791,123.585,230.68,,,230.7,260.0,SB,"Carn et al., 2017",10.1038/srep44095,,,,,,2.4,0.7,,,,380.6,,380.6,228.5,,,
West_Banda_Sea,SIRUNG,264270,-8.508,124.13,136.145,,,136.1,153.5,SB,"Carn et al., 2017",10.1038/srep44095,,,,3.2,2,,,,,299.5,,,299.5,244.9,,,
Halmahera,DUKONO,268010,1.693,127.894,629.99,,,630.0,710.1,SB,"Carn et al., 2017",10.1038/srep44095,,,,0.4,0.1,,,,,173.2,,,173.2,100.6,,,
Halmahera,GAMALAMA,268060,0.8,127.33,,,,, ,,"Carn et al., 2017",10.1038/srep44095,8,,27.5,,,,,5,1.5,,,,,,,,
Halmahera,GAMKONORA,268040,1.38,127.53,,,,, ,,"Carn et al., 2017",10.1038/srep44095,1,,3.4,,,,,5,1.5,,,,,,,,
Sangihe,KARANGETANG,267020,2.781,125.407,114.245,,,114.2,128.8,SB,"Carn et al., 2017",10.1038/srep44095,,,,,,5,1.3,,,,392.7,,392.7,230.4,,,
Sulawesi,LOKON-EMPUNG,266100,1.358,124.792,74.46,,,74.5,83.9,SB,"Carn et al., 2017",10.1038/srep44095,,,,,,,,5,1.5,,,256.0,256.0,157.5,,,
Sulawesi,SOPUTAN,266030,1.112,124.737,,,,, ,,"Carn et al., 2017",10.1038/srep44095,117,,402.2,,,,,5,1.5,,,,,,,,
North_Lesser_Antilles,SOUFRIERE_HILLS(MONTSERRAT),360050,16.72,-62.18,473.04,0.1,,473.0,533.2,SB,"Carn et al., 2017, Werner et al., 2019",10.1038/srep44095,255,701.3,,4,1.1,,,,,1300.9,,,1300.9,769.7,,,
North_Lesser_Antilles,SOUFRIERE_GUADELOUPE,360060,16.044,-61.664,,,,, ,,"Carn et al., 2017",10.1038/srep44095,,,,,0.5,,,,,,,,,,,,
South_Lesser_Antilles,SOUFRIERE_ST._VINCENT,360150,13.33,-61.18,,,,, ,,"Carn et al., 2017",10.1038/srep44095,,,,14.7,,,,,,,,,,,,,
Scotia,MICHAEL(SAUNDERS),,,,95.995,,,96.0,108.2,SB,"Carn et al., 2017",10.1038/srep44095,,,,,,1.2,5,,,,79.2,,79.2,332.9,,,
Italy,ETNA,211060,37.748,14.999,741.68,640,355,741.7,836.0,SB,"Carn et al., 2017",10.1038/srep44095,312,1394.3,,6.5,2.2,,,,,3314.4,,,3314.4,2066.2,,,
Italy,STROMBOLI,211040,38.789,15.213,66.065,,,66.1,74.5,SB,"Carn et al., 2017",10.1038/srep44095,,,,7.2,2.8,,,,,327.0,,,327.0,220.5,,,
Italy,VULCANO ISLAND,211050,38.404,14.962,,1,0.3,1,0.3,GB,"Arellano et al., in rev",10.196/novac.vulcano.001,,,,9.2,4.4,,,,,6.3,,,6.3,3.6,,,
Greece,Santorini,212040,36.404,25.396,,,,,,,"Carn et al., 2017",10.1038/srep44095,,,,,,,,,,,,,,,,,
D.R. Congo,NYIRAGONGO,223030,-1.52,29.25,1289.545,290,67,290.0,1298.3,SB,"Arellano et al., in rev, Werner et al., 2019",10.196/novac.nyiragongo.001,,,,5,,,,,,996.9,,,996.9,607.2,,,
D.R. Congo,NYAMURAGIRA,223020,-1.408,29.2,,,,1000.0,520.0,SB,this work ,,2995,,,,,,,,,,,,,,,,
Tanzania,Oldoinyo Lengai,222120,-2.764,35.914,,,,, ,,"Carn et al., 2017",10.1038/srep44095,0.2,,,,,,,,,,,,,,,,
Yemen,JEBEL AT-TAIR,221010,15.55,41.83,37.595,,,37.6,42.4,SB,"Carn et al., 2017",10.1038/srep44095,80,,341.0,,,6.2,1.8,,,,160.2,,160.2,104.5,,,
Yemen,ZUBAIR GROUP,221020,15.05,42.18,,,,, ,,"Carn et al., 2017",10.1038/srep44095,1,,,,,,,,,,,,,,,,
Ethiopia,ERTA 'ALE-DALAFFILLA,221080,13.6,40.67,23.36,,,23.4,26.3,SB,"Carn et al., 2017",10.1038/srep44095,150,,,,,,,,,,,,,,,,
Ethiopia,MANDA HARARO,221115,12.17,40.82,,,,, ,,"Carn et al., 2017",10.1038/srep44095,60,,,,,,,,,,,,,,,,
Eritrea,NABRO,221101,13.37,41.7,,,,, ,,"Carn et al., 2017",10.1038/srep44095,3650,,,,,,,,,,,,,,,,
France,PITON DE LA FOURNAISE,233020,-21.244,55.708,85.41,37,3,85.4,96.3,SB,"Carn et al., 2017",10.1038/srep44095,345,142.3,,0.6,0.2,,,,,35.2,,,35.2,107.3,,,
Iceland,Eyjafjallajökull,372020,63.633,-19.633,,,,, ,,"Carn et al., 2017",10.1038/srep44095,466,,,,,,,,,,,,,,,,
Iceland,Grimsvotn,373010,64.416,-17.316,,,,, ,,"Carn et al., 2017",10.1038/srep44095,300,,,,,,,,,,,,,,,,
Iceland,Bardabunga,373030,64.633,-17.516,,,,, ,,"Carn et al., 2017",10.1038/srep44095,11000,8696.9,,1.15,,,,,,,,,,,,,
Iceland,Krisuvik,371030,63.883,-22.083,,,,,,,"Carn et al., 2017",10.1038/srep44095,,,,,,,,,,,,,,,,,
Galapagos,Sierra Negra,353050,-0.83,-91.17,14.6,,,14.6,16.5,SB,"Carn et al., 2017",10.1038/srep44095,1928,,,,,,,,,,,,,,,,
Galapagos,Cerro Azul,353060,-0.92,-91.408,,,,, ,,"Carn et al., 2017",10.1038/srep44095,157,,,,,,,,,,,,,,,,
Galapagos,Fernandina,353010,-0.37,-91.55,,,,, ,,"Carn et al., 2017",10.1038/srep44095,757,,,,,,,,,,,,,,,,
Galapagos,Wolf,353020,0.02,-91.35,,,,, ,,"Carn et al., 2017",10.1038/srep44095,200,,,,,,,,,,,,,,,,
Scotia,Montagu,390081,-58.445,-26.374,51.83,,,51.8,58.4,SB,"Carn et al., 2017",10.1038/srep44095,,,,,,1.2,0.5,,,,42.8,,42.8,31.8,,,
Andaman,Barren Island,260010,12.278,93.858,88.695,,,88.7,100.0,SB,"Carn et al., 2017",10.1038/srep44095,0.2,,0.3,,,2.2,1.3,,,,134.2,,134.2,107.4,,,
Hawaii,Kilauea,332010,19.421,-155.287,1831.935,,,1831.9,2064.8,SB,"Carn et al., 2017",10.1038/srep44095,,,,,,,,,,1200.0,,,1200.0,,,,
Bismarck,MANAM,251020,-4.08,145.037,541.66,,,541.7,610.5,SB,"Carn et al., 2017",10.1038/srep44095,250,,464.1,,,2.7,0.7,,,,1005.5,,1005.5,587.8,,,
Antarctica,EREBUS,390020,-77.53,167.17,18.98,,,19.0,21.4,SB,"Carn et al., 2017",10.1038/srep44095,,,,33.4,,,,,,436,,,436.0,,,,
Cape Verde,FOGO,384010,14.95,-24.35,,,,, ,,,,382,,,,,,,,,,,,,,,,
Comores,Karthala,233010,-11.75,43.38,,,,, ,,,,41,,,,,,,,,,,,,,,,
n,,,,,77,66,,124,,,,,89,26,52,74,,35,,61,,67,33,23,125,,,,
Total Fluxes (kt/y),,,,,18125,6931,,24274,2302,,,,33324,14455,9007,,,,,,,22893,11132,1954,36117,,,,
